2021-09-09 00:01:11,secbird1,url,https://www.aoeecsmc.aovmeo.com/,#phishing,https://twitter.com/secbird1/status/1435755126480773122
2021-09-09 00:01:11,secbird1,ip,155.235.250.218,#phishing,https://twitter.com/secbird1/status/1435755126480773122
2021-09-09 00:08:08,KesaGataMe0,url,https://www.etc-meisai.jp.wwuh0e.cn,#phishing,https://twitter.com/KesaGataMe0/status/1435756874641543173
2021-09-09 00:08:08,KesaGataMe0,url,https://www.etc-meisai.jp.x9g4j8.cn,#phishing,https://twitter.com/KesaGataMe0/status/1435756874641543173
2021-09-09 00:08:08,KesaGataMe0,ip,45.86.65.236,#phishing,https://twitter.com/KesaGataMe0/status/1435756874641543173
2021-09-09 00:08:12,phishunt_io,url,https://microsoft.login-hmshost.com/,#phishing #scam,https://twitter.com/phishunt_io/status/1435756891821465602
2021-09-09 00:08:12,phishunt_io,ip,18.156.191.105,#phishing #scam,https://twitter.com/phishunt_io/status/1435756891821465602
2021-09-09 00:08:59,ecarlesi,url,https://tipssaludables.com/adlinkfly-v-6.4.0.zip,#phishing,https://twitter.com/ecarlesi/status/1435757088400199681
2021-09-09 00:09:03,MalwarePatrol,url,https://ironfitnesscti.com.br/payment/latest/office365a/,#phishing,https://twitter.com/MalwarePatrol/status/1435757102895620097
2021-09-09 00:09:08,ecarlesi,url,http://verleng-2021b.site/,#phishing,https://twitter.com/ecarlesi/status/1435757126102757377
2021-09-09 00:09:20,KesaGataMe0,url,https://www.yodobashi.com.zs07bp.cn,#phishing,https://twitter.com/KesaGataMe0/status/1435757177113776133
2021-09-09 00:10:31,ecarlesi,url,http://verleng-2021b.site/abn/,#phishing,https://twitter.com/ecarlesi/status/1435757472296415234
2021-09-09 00:10:43,ecarlesi,url,http://verleng-2021a.site/,#phishing,https://twitter.com/ecarlesi/status/1435757523529879555
2021-09-09 00:11:07,KesaGataMe0,url,https://oarder-myjcp-cc-jp.cchphn.bar,#phishing,https://twitter.com/KesaGataMe0/status/1435757626797617157
2021-09-09 00:11:07,KesaGataMe0,url,https://oarder-myjcp-cc-jp.eey723.top,#phishing,https://twitter.com/KesaGataMe0/status/1435757626797617157
2021-09-09 00:11:07,KesaGataMe0,url,https://oarder-myjcp-cc-jp.bccxhl.bar,#phishing,https://twitter.com/KesaGataMe0/status/1435757626797617157
2021-09-09 00:11:07,KesaGataMe0,url,https://oarder-myjcp-cc-jp.eey858.top,#phishing,https://twitter.com/KesaGataMe0/status/1435757626797617157
2021-09-09 00:11:07,KesaGataMe0,ip,72.44.73.82,#phishing,https://twitter.com/KesaGataMe0/status/1435757626797617157
2021-09-09 00:11:38,ecarlesi,url,http://verleng-2021b.site/asn/,#phishing,https://twitter.com/ecarlesi/status/1435757755361423360
2021-09-09 00:12:16,ecarlesi,url,http://verleng-2021a.site/abn/,#phishing,https://twitter.com/ecarlesi/status/1435757914690572291
2021-09-09 00:12:44,ecarlesi,url,http://verleng-2021b.site/ing/,#phishing,https://twitter.com/ecarlesi/status/1435758031896203265
2021-09-09 00:13:23,ecarlesi,url,http://verleng-2021a.site/asn/,#phishing,https://twitter.com/ecarlesi/status/1435758194761117696
2021-09-09 00:14:58,ecarlesi,url,http://verleng-2021a.site/ing/,#phishing,https://twitter.com/ecarlesi/status/1435758591936507904
2021-09-09 00:15:04,ecarlesi,url,http://verleng-2021b.site/rabo/,#phishing,https://twitter.com/ecarlesi/status/1435758618415075329
2021-09-09 00:16:05,ecarlesi,url,http://verleng-2021a.site/rabo/,#phishing,https://twitter.com/ecarlesi/status/1435758873877618701
2021-09-09 00:16:51,Max_Mal_,domain,macuwuf.com,#CobaltStrike,https://twitter.com/Max_Mal_/status/1435759069046919186
2021-09-09 00:16:51,Max_Mal_,domain,joxinu.com,#CobaltStrike,https://twitter.com/Max_Mal_/status/1435759069046919186
2021-09-09 00:16:51,Max_Mal_,domain,dodefoh.com,#CobaltStrike,https://twitter.com/Max_Mal_/status/1435759069046919186
2021-09-09 00:16:51,Max_Mal_,domain,crt.sectigo.com,#CobaltStrike,https://twitter.com/Max_Mal_/status/1435759069046919186
2021-09-09 00:16:53,ecarlesi,url,http://verleng-2021b.site/regio/,#phishing,https://twitter.com/ecarlesi/status/1435759074986049543
2021-09-09 00:18:00,ecarlesi,url,http://verleng-2021b.site/sns/,#phishing,https://twitter.com/ecarlesi/status/1435759359083040770
2021-09-09 00:18:02,ecarlesi,url,http://verleng-2021a.site/regio/,#phishing,https://twitter.com/ecarlesi/status/1435759365647216652
2021-09-09 00:19:07,ecarlesi,url,http://weightmanagementthailand.com/,#phishing,https://twitter.com/ecarlesi/status/1435759639811936257
2021-09-09 00:19:13,ecarlesi,url,http://verleng-2021a.site/sns/,#phishing,https://twitter.com/ecarlesi/status/1435759661278547971
2021-09-09 00:19:35,ecarlesi,url,http://verleng-2021b.site/vgz.html,#phishing,https://twitter.com/ecarlesi/status/1435759753435701248
2021-09-09 00:20:32,KesaGataMe0,url,https://smbc.co.ip.isguui.shop,#phishing,https://twitter.com/KesaGataMe0/status/1435759993542766595
2021-09-09 00:20:32,KesaGataMe0,url,https://smbc.co.ip.uvokvd.shop,#phishing,https://twitter.com/KesaGataMe0/status/1435759993542766595
2021-09-09 00:20:32,KesaGataMe0,url,https://smbc.co.ip.stsfu667788.top,#phishing,https://twitter.com/KesaGataMe0/status/1435759993542766595
2021-09-09 00:20:32,KesaGataMe0,ip,155.94.128.55,#phishing,https://twitter.com/KesaGataMe0/status/1435759993542766595
2021-09-09 00:21:22,ecarlesi,url,http://verleng-2021a.site/vgz.html,#phishing,https://twitter.com/ecarlesi/status/1435760204260515845
2021-09-09 00:22:33,romonlyht,url,https://srnbc-card.com.li163.top/,#phishing,https://twitter.com/romonlyht/status/1435760501179355137
2021-09-09 00:22:33,romonlyht,url,https://srnbc-card.com.li163.top/smbc/smbcupdatebill.php,#phishing,https://twitter.com/romonlyht/status/1435760501179355137
2021-09-09 00:22:33,romonlyht,ip,180.215.24.92,#phishing,https://twitter.com/romonlyht/status/1435760501179355137
2021-09-09 00:22:33,romonlyht,ip,180.215.22.227,#phishing,https://twitter.com/romonlyht/status/1435760501179355137
2021-09-09 00:23:01,ShadowChasing1,ip,178.62.247.185,,https://twitter.com/ShadowChasing1/status/1435760617936195590
2021-09-09 00:23:01,ShadowChasing1,md5,a02cfacbf32e9ff66464de27faa58543,,https://twitter.com/ShadowChasing1/status/1435760617936195590
2021-09-09 00:23:21,romonlyht,url,https://srnbc-card.com.vio604.top/,#phishing,https://twitter.com/romonlyht/status/1435760703059607555
2021-09-09 00:23:21,romonlyht,url,https://srnbc-card.com.vio604.top/smbc/smbcupdatebill.php,#phishing,https://twitter.com/romonlyht/status/1435760703059607555
2021-09-09 00:23:21,romonlyht,ip,180.215.24.76,#phishing,https://twitter.com/romonlyht/status/1435760703059607555
2021-09-09 00:25:30,romonlyht,url,https://smbc.co.ip.isguui.shop/,#phishing,https://twitter.com/romonlyht/status/1435761246276521984
2021-09-09 00:25:30,romonlyht,ip,173.82.235.174,#phishing,https://twitter.com/romonlyht/status/1435761246276521984
2021-09-09 00:26:17,romonlyht,url,https://srnbc-card.com.u56789.top/,#phishing,https://twitter.com/romonlyht/status/1435761440263081984
2021-09-09 00:26:17,romonlyht,url,https://srnbc-card.com.u56789.top/smbc/smbcupdatebill.php,#phishing,https://twitter.com/romonlyht/status/1435761440263081984
2021-09-09 00:26:17,romonlyht,ip,180.215.24.85,#phishing,https://twitter.com/romonlyht/status/1435761440263081984
2021-09-09 00:26:48,PhishStats,url,http://mobile.app-beahan-fbmmsn.fwwwu4gyil-zng4p7vv54dp.p.runcloud.link/,#phishing,https://twitter.com/PhishStats/status/1435761572417261569
2021-09-09 00:26:48,PhishStats,ip,138.68.166.111,#phishing,https://twitter.com/PhishStats/status/1435761572417261569
2021-09-09 00:34:47,drb_ra,ip,87.251.70.33,#CobaltStrike,https://twitter.com/drb_ra/status/1435763580805296131
2021-09-09 00:34:47,drb_ra,ip,87.251.70.244,#CobaltStrike,https://twitter.com/drb_ra/status/1435763580805296131
2021-09-09 00:35:20,drb_ra,ip,139.196.224.35,#CobaltStrike,https://twitter.com/drb_ra/status/1435763719427039238
2021-09-09 00:35:20,drb_ra,ip,139.170.156.155,#CobaltStrike,https://twitter.com/drb_ra/status/1435763719427039238
2021-09-09 00:35:20,drb_ra,ip,110.185.114.151,#CobaltStrike,https://twitter.com/drb_ra/status/1435763720152625154
2021-09-09 00:35:20,drb_ra,ip,180.96.32.88,#CobaltStrike,https://twitter.com/drb_ra/status/1435763720878186497
2021-09-09 00:35:21,drb_ra,ip,223.111.97.143,#CobaltStrike,https://twitter.com/drb_ra/status/1435763721666764807
2021-09-09 00:35:21,drb_ra,ip,27.221.54.169,#CobaltStrike,https://twitter.com/drb_ra/status/1435763722396520455
2021-09-09 00:35:21,drb_ra,ip,180.96.32.89,#CobaltStrike,https://twitter.com/drb_ra/status/1435763723239575554
2021-09-09 00:35:38,romonlyht,ip,117.50.163.19,#phishing,https://twitter.com/romonlyht/status/1435763796488847361
2021-09-09 00:35:38,romonlyht,ip,14.63.193.27,#phishing,https://twitter.com/romonlyht/status/1435763796488847361
2021-09-09 00:35:43,drb_ra,ip,172.93.105.2,#CobaltStrike,https://twitter.com/drb_ra/status/1435763817284243459
2021-09-09 00:35:57,drb_ra,ip,179.60.150.30,#CobaltStrike,https://twitter.com/drb_ra/status/1435763873085280260
2021-09-09 00:36:04,drb_ra,ip,121.199.38.116,#CobaltStrike,https://twitter.com/drb_ra/status/1435763902630006792
2021-09-09 00:36:04,drb_ra,ip,222.218.80.166,#CobaltStrike,https://twitter.com/drb_ra/status/1435763903342989313
2021-09-09 00:36:04,drb_ra,ip,61.241.110.81,#CobaltStrike,https://twitter.com/drb_ra/status/1435763903938678784
2021-09-09 00:36:04,drb_ra,ip,27.159.95.75,#CobaltStrike,https://twitter.com/drb_ra/status/1435763904538349575
2021-09-09 00:36:26,SecInfo16,url,https://www.ntt-docono-info.b3-mss.top/,#phishing,https://twitter.com/SecInfo16/status/1435763994279628800
2021-09-09 00:36:26,romonlyht,ip,117.50.163.48,#phishing,https://twitter.com/romonlyht/status/1435763997349801989
2021-09-09 00:36:26,romonlyht,ip,14.63.173.44,#phishing,https://twitter.com/romonlyht/status/1435763997349801989
2021-09-09 00:36:27,drb_ra,ip,154.208.10.77,#CobaltStrike,https://twitter.com/drb_ra/status/1435763999447072773
2021-09-09 00:36:31,drb_ra,ip,70.32.91.85,#CobaltStrike,https://twitter.com/drb_ra/status/1435764018967425024
2021-09-09 00:36:41,drb_ra,ip,103.52.153.210,#CobaltStrike,https://twitter.com/drb_ra/status/1435764058637193221
2021-09-09 00:37:14,romonlyht,ip,117.50.163.59,#phishing,https://twitter.com/romonlyht/status/1435764198223466497
2021-09-09 00:40:57,KesaGataMe0,url,https://srnbc-card.com.vio604.top,#phishing,https://twitter.com/KesaGataMe0/status/1435765133796536322
2021-09-09 00:40:57,KesaGataMe0,url,https://srnbc-card.com.li163.top,#phishing,https://twitter.com/KesaGataMe0/status/1435765133796536322
2021-09-09 00:40:57,KesaGataMe0,url,https://srnbc-card.com.u56789.top,#phishing,https://twitter.com/KesaGataMe0/status/1435765133796536322
2021-09-09 00:40:57,KesaGataMe0,url,https://srnbc-card.com.vii268.top,#phishing,https://twitter.com/KesaGataMe0/status/1435765133796536322
2021-09-09 00:45:18,romonlyht,url,https://91kef.top/,#phishing,https://twitter.com/romonlyht/status/1435766229302534145
2021-09-09 00:45:18,romonlyht,ip,216.108.238.18,#phishing,https://twitter.com/romonlyht/status/1435766229302534145
2021-09-09 00:45:18,romonlyht,ip,45.91.225.74,#phishing,https://twitter.com/romonlyht/status/1435766229302534145
2021-09-09 00:45:33,ecarlesi,url,https://tashkeel.ltd/1/marshall-main-download-v7.3/marshall%20html.zip,#phishing,https://twitter.com/ecarlesi/status/1435766291378311171
2021-09-09 01:05:20,ASEC_Analysis,domain,gilbertplasticg.com,#malware #BazarLoader,https://twitter.com/ASEC_Analysis/status/1435771269509640192
2021-09-09 01:05:20,ASEC_Analysis,domain,beltmorgand.com,#malware #BazarLoader,https://twitter.com/ASEC_Analysis/status/1435771269509640192
2021-09-09 01:05:20,ASEC_Analysis,domain,shootfrankd.com,#malware #BazarLoader,https://twitter.com/ASEC_Analysis/status/1435771269509640192
2021-09-09 01:05:20,ASEC_Analysis,domain,entiredelivery2014b.com,#malware #BazarLoader,https://twitter.com/ASEC_Analysis/status/1435771269509640192
2021-09-09 01:05:20,ASEC_Analysis,domain,nastywoodwardd.com,#malware #BazarLoader,https://twitter.com/ASEC_Analysis/status/1435771269509640192
2021-09-09 01:05:20,ASEC_Analysis,domain,povertymanagement2018b.com,#malware #BazarLoader,https://twitter.com/ASEC_Analysis/status/1435771269509640192
2021-09-09 01:07:42,romonlyht,ip,117.50.163.39,#phishing,https://twitter.com/romonlyht/status/1435771866489131015
2021-09-09 01:07:42,romonlyht,ip,172.67.219.17,#phishing,https://twitter.com/romonlyht/status/1435771866489131015
2021-09-09 01:08:43,romonlyht,ip,117.50.163.60,#phishing,https://twitter.com/romonlyht/status/1435772122333212674
2021-09-09 01:08:43,romonlyht,ip,172.67.213.31,#phishing,https://twitter.com/romonlyht/status/1435772122333212674
2021-09-09 01:09:38,romonlyht,ip,117.50.163.42,#phishing,https://twitter.com/romonlyht/status/1435772350062948357
2021-09-09 01:09:38,romonlyht,ip,104.21.54.230,#phishing,https://twitter.com/romonlyht/status/1435772350062948357
2021-09-09 01:11:07,romonlyht,url,http://keamjvvzxkvpxsmnhrbmmajbrwsmbawusdjzxxcf.lqcqyh.shop/?jcb,#phishing,https://twitter.com/romonlyht/status/1435772723351805953
2021-09-09 01:11:07,romonlyht,url,https://nukyvsuvrahrwpwgmhyukawjzrwpnzgzgtxyjrxz.ymytzk.shop/,#phishing,https://twitter.com/romonlyht/status/1435772723351805953
2021-09-09 01:11:07,romonlyht,ip,101.36.104.184,#phishing,https://twitter.com/romonlyht/status/1435772723351805953
2021-09-09 01:11:07,romonlyht,ip,72.44.64.37,#phishing,https://twitter.com/romonlyht/status/1435772723351805953
2021-09-09 01:12:07,romonlyht,url,https://oarder-myjcp-cc-jp.eey723.top/,#phishing,https://twitter.com/romonlyht/status/1435772975865745414
2021-09-09 01:12:07,romonlyht,ip,192.236.179.118,#phishing,https://twitter.com/romonlyht/status/1435772975865745414
2021-09-09 01:27:57,ecarlesi,url,https://cbtb7-bkbd10.xyz/,#phishing,https://twitter.com/ecarlesi/status/1435776961343856642
2021-09-09 01:27:57,ecarlesi,url,https://cbtb7-bkbd9.xyz/,#phishing,https://twitter.com/ecarlesi/status/1435776961444564993
2021-09-09 01:27:59,ecarlesi,url,https://cbtb7-bkbd11.xyz/,#phishing,https://twitter.com/ecarlesi/status/1435776966922317829
2021-09-09 01:32:59,romonlyht,url,https://smt-dmkti.shop/,#phishing,https://twitter.com/romonlyht/status/1435778225553113089
2021-09-09 01:32:59,romonlyht,ip,118.255.132.153,#phishing,https://twitter.com/romonlyht/status/1435778225553113089
2021-09-09 01:32:59,romonlyht,ip,155.94.178.242,#phishing,https://twitter.com/romonlyht/status/1435778225553113089
2021-09-09 01:33:37,romonlyht,url,https://ntt-docomo-info.cgi-bin.fit/,#phishing,https://twitter.com/romonlyht/status/1435778385905545225
2021-09-09 01:33:37,romonlyht,ip,60.166.182.73,#phishing,https://twitter.com/romonlyht/status/1435778385905545225
2021-09-09 01:33:37,romonlyht,ip,34.146.247.192,#phishing,https://twitter.com/romonlyht/status/1435778385905545225
2021-09-09 01:33:41,secbird1,url,http://smbc-card.com.zqxzf.cn/,#phishing,https://twitter.com/secbird1/status/1435778404305956868
2021-09-09 01:33:41,secbird1,ip,155.94.163.217,#phishing,https://twitter.com/secbird1/status/1435778404305956868
2021-09-09 01:33:52,ecarlesi,url,http://gwefefwe3.xyz/,#phishing,https://twitter.com/ecarlesi/status/1435778448035823617
2021-09-09 01:34:17,secbird1,ip,107.150.7.84,#phishing,https://twitter.com/secbird1/status/1435778555888103429
2021-09-09 01:34:19,romonlyht,url,https://nttdocomo81mp.runyinghao.net/,#phishing,https://twitter.com/romonlyht/status/1435778561718177793
2021-09-09 01:34:19,romonlyht,ip,160.16.137.41,#phishing,https://twitter.com/romonlyht/status/1435778561718177793
2021-09-09 01:34:19,romonlyht,ip,205.185.122.219,#phishing,https://twitter.com/romonlyht/status/1435778561718177793
2021-09-09 01:34:39,harugasumi,url,https://amauom.ywng6.xyz,#phishing,https://twitter.com/harugasumi/status/1435778647537840128
2021-09-09 01:35:39,romonlyht,url,https://www.ntt-docono-info.b3-mss.top/#/,#phishing,https://twitter.com/romonlyht/status/1435778898982158336
2021-09-09 01:35:39,romonlyht,ip,113.31.168.216,#phishing,https://twitter.com/romonlyht/status/1435778898982158336
2021-09-09 01:35:39,romonlyht,ip,103.41.65.253,#phishing,https://twitter.com/romonlyht/status/1435778898982158336
2021-09-09 01:41:52,harugasumi,url,http://www.etc-meisai.cam,#phishing,https://twitter.com/harugasumi/status/1435780462144675841
2021-09-09 01:48:41,ecarlesi,url,http://eshixiong.net/download/esx.exe,#malware,https://twitter.com/ecarlesi/status/1435782177011154944
2021-09-09 01:54:48,ecarlesi,url,http://eshixiong.net/download/yccode.apk,#malware,https://twitter.com/ecarlesi/status/1435783717310586882
2021-09-09 01:55:02,ecarlesi,url,https://fnxmarkets.net/assets/pdf//client%20agreement.pdf,#malware,https://twitter.com/ecarlesi/status/1435783775066144769
2021-09-09 01:56:48,ecarlesi,url,http://eshixiong.net/download/esxgx.exe,#malware,https://twitter.com/ecarlesi/status/1435784222166458368
2021-09-09 01:57:22,ecarlesi,url,https://fnxmarkets.net/assets/pdf/general%20business%20terms.pdf,#malware,https://twitter.com/ecarlesi/status/1435784362558115846
2021-09-09 01:59:18,ecarlesi,url,http://ora-sicurezza-2021.net/,#phishing,https://twitter.com/ecarlesi/status/1435784850930290697
2021-09-09 02:06:03,secbird1,url,https://vii268.top/,#phishing,https://twitter.com/secbird1/status/1435786548557979648
2021-09-09 02:06:53,secbird1,url,https://srnbc-card.com.vii268.top/,#phishing,https://twitter.com/secbird1/status/1435786757157523458
2021-09-09 02:09:31,romonlyht,url,http://www.etc-meisai.cc/,#phishing,https://twitter.com/romonlyht/status/1435787422726451205
2021-09-09 02:09:31,romonlyht,url,http://www.etc-meisai.cc/indexx.php?tokne=bfc71dde8f404fce4cfa39f4f38,#phishing,https://twitter.com/romonlyht/status/1435787422726451205
2021-09-09 02:09:31,romonlyht,ip,117.87.185.88,#phishing,https://twitter.com/romonlyht/status/1435787422726451205
2021-09-09 02:09:31,romonlyht,ip,182.16.54.138,#phishing,https://twitter.com/romonlyht/status/1435787422726451205
2021-09-09 02:10:07,romonlyht,url,http://www.etc-meisai.club/,#phishing,https://twitter.com/romonlyht/status/1435787570714083328
2021-09-09 02:10:07,romonlyht,ip,182.101.184.163,#phishing,https://twitter.com/romonlyht/status/1435787570714083328
2021-09-09 02:11:28,romonlyht,url,http://www.etc-meisai.pw/,#phishing,https://twitter.com/romonlyht/status/1435787910704369665
2021-09-09 02:11:28,romonlyht,url,http://www.etc-meisai.pw/indexx.php?tokne=49491eade855154809467d38dfb,#phishing,https://twitter.com/romonlyht/status/1435787910704369665
2021-09-09 02:11:28,romonlyht,ip,223.242.123.205,#phishing,https://twitter.com/romonlyht/status/1435787910704369665
2021-09-09 02:12:39,romonlyht,url,https://www.etc-meisai.jp.s0lgmro.cn/,#phishing,https://twitter.com/romonlyht/status/1435788209800187908
2021-09-09 02:12:39,romonlyht,url,https://www.etc-meisai.jp.s0lgmro.cn/indexx.php?tokne=877e1cf9f71badbce3248772705,#phishing,https://twitter.com/romonlyht/status/1435788209800187908
2021-09-09 02:12:39,romonlyht,ip,113.31.145.244,#phishing,https://twitter.com/romonlyht/status/1435788209800187908
2021-09-09 02:12:39,romonlyht,ip,104.223.15.230,#phishing,https://twitter.com/romonlyht/status/1435788209800187908
2021-09-09 02:13:28,romonlyht,url,https://etc-mlcfai-jp.help-store.fit/,#phishing,https://twitter.com/romonlyht/status/1435788414633197568
2021-09-09 02:13:28,romonlyht,url,https://etc-mlcfai-jp.help-store.fit/pc/,#phishing,https://twitter.com/romonlyht/status/1435788414633197568
2021-09-09 02:13:28,romonlyht,ip,114.221.172.148,#phishing,https://twitter.com/romonlyht/status/1435788414633197568
2021-09-09 02:13:28,romonlyht,ip,35.193.72.173,#phishing,https://twitter.com/romonlyht/status/1435788414633197568
2021-09-09 02:14:50,romonlyht,url,https://etc-meisai.jp.svcoou.shop/,#phishing,https://twitter.com/romonlyht/status/1435788758738096128
2021-09-09 02:14:50,romonlyht,url,https://etc-meisai.jp.svcoou.shop/indexx.php?tokne=bd49e7217eb6ac305d87cb2cc49,#phishing,https://twitter.com/romonlyht/status/1435788758738096128
2021-09-09 02:14:50,romonlyht,ip,45.156.23.241,#phishing,https://twitter.com/romonlyht/status/1435788758738096128
2021-09-09 02:14:50,romonlyht,ip,204.44.75.97,#phishing,https://twitter.com/romonlyht/status/1435788758738096128
2021-09-09 02:15:53,romonlyht,url,https://etc-meisai.wduowsw.cn/,#phishing,https://twitter.com/romonlyht/status/1435789024111644674
2021-09-09 02:15:53,romonlyht,url,https://etc-meisai.wduowsw.cn/indexx.php?tokne=1b5b637d099b0aa2857837ee025,#phishing,https://twitter.com/romonlyht/status/1435789024111644674
2021-09-09 02:15:53,romonlyht,ip,160.251.56.181,#phishing,https://twitter.com/romonlyht/status/1435789024111644674
2021-09-09 02:15:53,romonlyht,ip,172.67.200.47,#phishing,https://twitter.com/romonlyht/status/1435789024111644674
2021-09-09 02:16:28,ecarlesi,url,http://j3ct1le-pa33.one/,#phishing,https://twitter.com/ecarlesi/status/1435789172049158150
2021-09-09 02:16:58,romonlyht,url,http://www.etc-meisai.cam/,#phishing,https://twitter.com/romonlyht/status/1435789295260889091
2021-09-09 02:16:58,romonlyht,url,http://www.etc-meisai.cam/indexx.php?tokne=0d066793f90de121b9a0db853b1,#phishing,https://twitter.com/romonlyht/status/1435789295260889091
2021-09-09 02:16:58,romonlyht,ip,27.191.61.216,#phishing,https://twitter.com/romonlyht/status/1435789295260889091
2021-09-09 02:20:06,ecarlesi,url,https://lepoms.one/,#phishing,https://twitter.com/ecarlesi/status/1435790085249769478
2021-09-09 02:22:44,ecarlesi,url,https://longpig.top/doc/,#phishing,https://twitter.com/ecarlesi/status/1435790749036163072
2021-09-09 02:29:40,JRoosen,ip,1.349.22.0,,https://twitter.com/JRoosen/status/1435792493669400580
2021-09-09 02:30:46,secbird1,url,https://mtubddzbkxtgwwnkepdgwbphqmctvqkzuarwpqjm.lmdrzc.shop/webapp/totp01020101action.do.php,#phishing,https://twitter.com/secbird1/status/1435792766798233600
2021-09-09 02:30:46,secbird1,ip,96.43.88.243,#phishing,https://twitter.com/secbird1/status/1435792766798233600
2021-09-09 02:30:49,secbird1,url,https://cvjjib.cn/,#phishing,https://twitter.com/secbird1/status/1435792779964076037
2021-09-09 02:31:36,secbird1,url,https://caewmt.cn/,#phishing,https://twitter.com/secbird1/status/1435792980615462915
2021-09-09 02:31:41,secbird1,url,https://login.japamatbamk.co.jp.up-help-co-jp.xyz,#phishing,https://twitter.com/secbird1/status/1435793001498902534
2021-09-09 02:31:41,secbird1,ip,216.24.253.47,#phishing,https://twitter.com/secbird1/status/1435793001498902534
2021-09-09 02:32:19,secbird1,url,https://nukyvsuvrahrwpwgmhyukawjzrwpnzgzgtxyjrxz.ymytzk.shop/login.php,#phishing,https://twitter.com/secbird1/status/1435793157984190466
2021-09-09 02:32:23,ecarlesi,url,https://bodyhome.one/,#phishing,https://twitter.com/ecarlesi/status/1435793176594419716
2021-09-09 02:32:50,ecarlesi,url,http://yasayard.com,#phishing,https://twitter.com/ecarlesi/status/1435793287420522497
2021-09-09 02:33:45,secbird1,url,https://mnbirn.cn/,#phishing,https://twitter.com/secbird1/status/1435793520237764609
2021-09-09 02:34:09,ecarlesi,url,https://qasvcs.one/,#phishing,https://twitter.com/ecarlesi/status/1435793619018043394
2021-09-09 02:41:01,ecarlesi,url,https://6biztrucks.one/,#phishing,https://twitter.com/ecarlesi/status/1435795349923315712
2021-09-09 02:44:32,ecarlesi,url,http://gownme.one/,#phishing,https://twitter.com/ecarlesi/status/1435796233684148228
2021-09-09 02:47:34,ecarlesi,url,http://gownly.one/,#phishing,https://twitter.com/ecarlesi/status/1435796997819322370
2021-09-09 02:48:00,romonlyht,url,https://s.yam.com/6hor6,#phishing,https://twitter.com/romonlyht/status/1435797106451640320
2021-09-09 02:48:00,romonlyht,ip,123.161.53.37,#phishing,https://twitter.com/romonlyht/status/1435797106451640320
2021-09-09 02:48:00,romonlyht,ip,52.187.123.178,#phishing,https://twitter.com/romonlyht/status/1435797106451640320
2021-09-09 02:48:00,romonlyht,ip,107.150.5.235,#phishing,https://twitter.com/romonlyht/status/1435797106451640320
2021-09-09 02:48:24,daitya0,ip,103.167.90.59,#Lokibot,https://twitter.com/daitya0/status/1435797206225747972
2021-09-09 02:49:15,romonlyht,url,https://s.yam.com/zoci8,#phishing,https://twitter.com/romonlyht/status/1435797418864365577
2021-09-09 02:49:15,romonlyht,ip,183.95.247.133,#phishing,https://twitter.com/romonlyht/status/1435797418864365577
2021-09-09 02:50:19,romonlyht,url,https://s.yam.com/1od5w,#phishing,https://twitter.com/romonlyht/status/1435797689019494400
2021-09-09 02:50:19,romonlyht,ip,119.102.8.84,#phishing,https://twitter.com/romonlyht/status/1435797689019494400
2021-09-09 02:51:03,ecarlesi,url,https://gownme.one/,#phishing,https://twitter.com/ecarlesi/status/1435797874017652739
2021-09-09 02:51:23,romonlyht,url,https://s.yam.com/qnmmg,#phishing,https://twitter.com/romonlyht/status/1435797956095922180
2021-09-09 02:51:23,romonlyht,ip,140.250.147.41,#phishing,https://twitter.com/romonlyht/status/1435797956095922180
2021-09-09 02:52:40,romonlyht,url,https://youdoboshiark.3utilities.com/?user_token=aaaa@example.jp,#phishing,https://twitter.com/romonlyht/status/1435798278369472520
2021-09-09 02:52:40,romonlyht,url,https://yodoubeshinccop.tk/,#phishing,https://twitter.com/romonlyht/status/1435798278369472520
2021-09-09 02:52:40,romonlyht,ip,209.141.45.191,#phishing,https://twitter.com/romonlyht/status/1435798278369472520
2021-09-09 02:52:40,romonlyht,ip,34.85.93.145,#phishing,https://twitter.com/romonlyht/status/1435798278369472520
2021-09-09 02:52:40,romonlyht,ip,35.243.106.247,#phishing,https://twitter.com/romonlyht/status/1435798278369472520
2021-09-09 02:53:59,romonlyht,url,https://s.yam.com/q7bxe,#phishing,https://twitter.com/romonlyht/status/1435798611070119940
2021-09-09 02:53:59,romonlyht,ip,114.104.176.137,#phishing,https://twitter.com/romonlyht/status/1435798611070119940
2021-09-09 03:01:55,ecarlesi,url,https://lux-vpn.one/luxvpn_win_v1.19.7.zip,#malware,https://twitter.com/ecarlesi/status/1435800608586420233
2021-09-09 03:05:10,ecarlesi,url,https://myglare.one/,#phishing,https://twitter.com/ecarlesi/status/1435801424215126018
2021-09-09 03:05:40,ecarlesi,url,http://bobboom.one/mobileapp_api.zip,#phishing,https://twitter.com/ecarlesi/status/1435801552128643076
2021-09-09 03:06:00,ecarlesi,url,https://tentrep.one/,#phishing,https://twitter.com/ecarlesi/status/1435801634194472963
2021-09-09 03:10:02,HeliosCert,ip,49.206.51.10,#malware,https://twitter.com/HeliosCert/status/1435802650742775809
2021-09-09 03:10:02,HeliosCert,sha256,ba682c8d08288b64facd387af1ccd0fca134ca0d006f1509e98d9393e759a736,#malware,https://twitter.com/HeliosCert/status/1435802650742775809
2021-09-09 03:10:54,ecarlesi,url,http://lux-vpn.one/luxvpn_win_v1.19.7.zip,#malware,https://twitter.com/ecarlesi/status/1435802868699783170
2021-09-09 03:12:32,ecarlesi,url,http://holegolf.one/,#phishing,https://twitter.com/ecarlesi/status/1435803278110085123
2021-09-09 03:15:50,romonlyht,url,https://www.aoscme.aeosccn.com/,#phishing,https://twitter.com/romonlyht/status/1435804108611489796
2021-09-09 03:15:50,romonlyht,ip,116.85.67.230,#phishing,https://twitter.com/romonlyht/status/1435804108611489796
2021-09-09 03:15:50,romonlyht,ip,155.235.250.219,#phishing,https://twitter.com/romonlyht/status/1435804108611489796
2021-09-09 03:16:28,romonlyht,url,https://www.acneco.aeosccn.com/,#phishing,https://twitter.com/romonlyht/status/1435804270918471680
2021-09-09 03:16:28,romonlyht,ip,116.85.68.236,#phishing,https://twitter.com/romonlyht/status/1435804270918471680
2021-09-09 03:17:04,romonlyht,url,https://www.aomsce.aovmeo.com/,#phishing,https://twitter.com/romonlyht/status/1435804420160163843
2021-09-09 03:17:04,romonlyht,ip,116.85.41.4,#phishing,https://twitter.com/romonlyht/status/1435804420160163843
2021-09-09 03:17:38,romonlyht,url,https://www.aomces.aovmeo.com/,#phishing,https://twitter.com/romonlyht/status/1435804563731214341
2021-09-09 03:17:38,romonlyht,ip,116.85.58.138,#phishing,https://twitter.com/romonlyht/status/1435804563731214341
2021-09-09 03:18:15,romonlyht,url,https://www.aoeusn.aeosccn.com/,#phishing,https://twitter.com/romonlyht/status/1435804717431488514
2021-09-09 03:18:15,romonlyht,ip,116.85.55.149,#phishing,https://twitter.com/romonlyht/status/1435804717431488514
2021-09-09 03:18:40,CardanoPhishing,domain,2021ada.live,#phishing #scam,https://twitter.com/CardanoPhishing/status/1435804822830297089
2021-09-09 03:18:40,CardanoPhishing,ip,185.178.208.175,#phishing #scam,https://twitter.com/CardanoPhishing/status/1435804822830297089
2021-09-09 03:18:54,romonlyht,ip,116.85.6.96,#phishing,https://twitter.com/romonlyht/status/1435804881554591745
2021-09-09 03:19:11,CardanoPhishing,domain,adanews2021.org,#phishing #scam,https://twitter.com/CardanoPhishing/status/1435804953340260356
2021-09-09 03:19:11,CardanoPhishing,ip,81.177.135.61,#phishing #scam,https://twitter.com/CardanoPhishing/status/1435804953340260356
2021-09-09 03:20:02,HeliosCert,ip,175.176.4.35,#malware,https://twitter.com/HeliosCert/status/1435805165437788160
2021-09-09 03:20:02,HeliosCert,sha256,5fbfeb5ae708538609b24ea81c1a06c93cb443d5b09f792783ba305bef7678b6,#malware,https://twitter.com/HeliosCert/status/1435805165437788160
2021-09-09 03:20:36,ecarlesi,url,https://gazprom.one/gazprom/lp/,#phishing,https://twitter.com/ecarlesi/status/1435805308325085192
2021-09-09 03:21:13,ecarlesi,url,https://vegasb.one/,#phishing,https://twitter.com/ecarlesi/status/1435805465166946304
2021-09-09 03:23:01,ecarlesi,url,https://gazprom.one/gazprom/lp/?id=&amp;utm_source=,#phishing,https://twitter.com/ecarlesi/status/1435805919913385985
2021-09-09 03:33:15,romonlyht,url,https://anxious.servegame.com/?checkid=aaaa@example.jp,#phishing,https://twitter.com/romonlyht/status/1435808494884560899
2021-09-09 03:33:15,romonlyht,url,https://rakvtm-sabara.ml/,#phishing,https://twitter.com/romonlyht/status/1435808494884560899
2021-09-09 03:33:15,romonlyht,url,https://rakvtm-sabara.ml/rakuten,#phishing,https://twitter.com/romonlyht/status/1435808494884560899
2021-09-09 03:33:15,romonlyht,ip,209.141.43.81,#phishing,https://twitter.com/romonlyht/status/1435808494884560899
2021-09-09 03:33:15,romonlyht,ip,34.64.237.194,#phishing,https://twitter.com/romonlyht/status/1435808494884560899
2021-09-09 03:33:15,romonlyht,ip,34.64.225.39,#phishing,https://twitter.com/romonlyht/status/1435808494884560899
2021-09-09 03:33:38,ecarlesi,url,https://weightap.one/,#phishing,https://twitter.com/ecarlesi/status/1435808588161863681
2021-09-09 03:33:56,romonlyht,url,http://www.rakoten-co-jp.aybtg.shop/,#phishing,https://twitter.com/romonlyht/status/1435808666456715267
2021-09-09 03:33:56,romonlyht,ip,116.253.132.125,#phishing,https://twitter.com/romonlyht/status/1435808666456715267
2021-09-09 03:33:56,romonlyht,ip,172.67.160.30,#phishing,https://twitter.com/romonlyht/status/1435808666456715267
2021-09-09 03:34:25,ecarlesi,url,https://gownly.one/,#phishing,https://twitter.com/ecarlesi/status/1435808786447482882
2021-09-09 03:34:33,ecarlesi,url,http://allbig.one/,#phishing,https://twitter.com/ecarlesi/status/1435808818777280512
2021-09-09 03:36:30,ecarlesi,url,https://veroco.one/,#phishing,https://twitter.com/ecarlesi/status/1435809310861266948
2021-09-09 03:38:13,ecarlesi,url,http://mybrag.one/,#phishing,https://twitter.com/ecarlesi/status/1435809741985488897
2021-09-09 03:39:13,ecarlesi,url,https://holegolf.one/,#phishing,https://twitter.com/ecarlesi/status/1435809994197307393
2021-09-09 03:41:21,secbird1,url,https://login.japamatbamk.co.jp.up-help-co-jp.xyz/pc/homepage/,#phishing,https://twitter.com/secbird1/status/1435810531651166217
2021-09-09 03:41:26,ecarlesi,url,https://organus.one/,#phishing,https://twitter.com/ecarlesi/status/1435810551121186822
